{
    "country_code": "syscohada",
    "name": "Syscohada - Plan de compte",
    "tree": {
        "Comptes de bilan": {
            "Comptes d'immobilisations": {
                "AMORTISSEMENTS": {
                    "AMORTISSEMENTS DES B\u00c2TIMENTS, INSTALLATIONS TECHNIQUES ET AGENCEMENTS": {
                        "Amortissements des am\u00e9nagements de bureaux": {},
                        "Amortissements des autres installations et agencements": {},
                        "Amortissements des b\u00e2timents industriels, agricoles et commerciaux mis en concession": {},
                        "Amortissements des b\u00e2timents industriels, agricoles, administratifs et commerciaux sur sol d'autrui": {},
                        "Amortissements des b\u00e2timents industriels, agricoles, administratifs et commerciaux sur sol propre": {},
                        "Amortissements des installations techniques": {},
                        "Amortissements des ouvrages d'infrastructure": {}
                    },
                    "AMORTISSEMENTS DES IMMOBILISATIONS INCORPORELLES": {
                        "Amortissements des autres droits et valeurs incorporels": {},
                        "Amortissements des brevets, licences, concessions et droits similaires": {},
                        "Amortissements des frais de recherche et de d\u00e9veloppement": {},
                        "Amortissements des investissements de cr\u00e9ation": {},
                        "Amortissements des logiciels": {},
                        "Amortissements des marques": {},
                        "Amortissements du droit au bail": {},
                        "Amortissements du fonds commercial": {}
                    },
                    "AMORTISSEMENTS DES TERRAINS": {
                        "Amortissements des terrains agricoles et forestiers": {},
                        "Amortissements des terrains de gisement": {},
                        "Amortissements des travaux de mise en valeur des terrains": {}
                    },
                    "AMORTISSEMENTS DU MAT\u00c9RIEL": {
                        "Amortissements des agencements et am\u00e9nagements du mat\u00e9riel": {},
                        "Amortissements des autres mat\u00e9riels": {},
                        "Amortissements des immobilisations animales et agricoles": {},
                        "Amortissements du mat\u00e9riel d'emballage r\u00e9cup\u00e9rable et identifiable": {},
                        "Amortissements du mat\u00e9riel de transport": {},
                        "Amortissements du mat\u00e9riel et mobilier": {},
                        "Amortissements du mat\u00e9riel et outillage agricole": {},
                        "Amortissements du mat\u00e9riel et outillage industriel et commercial": {}
                    }
                },
                "AUTRES IMMOBLISATIONS FINANCI\u00c8RES": {
                    "CR\u00c9ANCES RATTACH\u00c9ES \u00c0 DES PARTICIPATIONS ET AVANCES \u00c0 DES G.I.E.": {
                        "Avances \u00e0 des Groupements d'int\u00e9r\u00eat \u00e9conomique (G.I.E.)": {},
                        "Cr\u00e9ances rattach\u00e9es \u00e0 des participations (groupe)": {},
                        "Cr\u00e9ances rattach\u00e9es \u00e0 des participations (hors groupe)": {},
                        "Cr\u00e9ances rattach\u00e9es \u00e0 des soci\u00e9t\u00e9s en participation": {}
                    },
                    "CR\u00c9ANCES SUR L\u2019\u00c9TAT": {
                        "Autres": {},
                        "Fonds r\u00e9glement\u00e9": {},
                        "Retenues de garantie": {}
                    },
                    "D\u00c9P\u00d4TS ET CAUTIONNEMENTS VERS\u00c9S": {
                        "Autres d\u00e9p\u00f4ts et cautionnements": {},
                        "Cautionnements sur autres op\u00e9rations": {},
                        "Cautionnements sur march\u00e9s publics": {},
                        "D\u00e9p\u00f4ts pour le gaz": {},
                        "D\u00e9p\u00f4ts pour le t\u00e9l\u00e9phone, le t\u00e9lex, la t\u00e9l\u00e9copie": {},
                        "D\u00e9p\u00f4ts pour loyers d\u2019avance": {},
                        "D\u00e9p\u00f4ts pour l\u2019eau": {},
                        "D\u00e9p\u00f4ts pour l\u2019\u00e9lectricit\u00e9": {}
                    },
                    "IMMOBILISATIONS FINANCI\u00c8RES DIVERSES": {
                        "Cr\u00e9ances divers hors groupe": {},
                        "Cr\u00e9ances diverses groupe": {},
                        "Or et m\u00e9taux pr\u00e9cieux ()": {}
                    },
                    "INT\u00c9R\u00caTS COURUS": {
                        "Cr\u00e9ances rattach\u00e9es \u00e0 des participations": {},
                        "Cr\u00e9ances sur l'Etat": {},
                        "D\u00e9p\u00f4ts et cautionnements vers\u00e9s": {},
                        "Immobilisations financi\u00e8res diverses": {},
                        "Pr\u00eats au personnel": {},
                        "Pr\u00eats et cr\u00e9ances non commerciales": {},
                        "Titres immobilis\u00e9s": {}
                    },
                    "PR\u00caTS AU PERSONNEL": {
                        "Autres pr\u00eats (frais d\u2019\u00e9tudes\u2026)": {},
                        "Pr\u00eats immobiliers": {},
                        "Pr\u00eats mobiliers et d\u2019installation": {}
                    },
                    "PR\u00caTS ET CR\u00c9ANCES NON COMMERCIALES": {
                        "Billets de fonds": {},
                        "Pr\u00eats aux associ\u00e9s": {},
                        "Pr\u00eats participatifs": {},
                        "Titres pr\u00eat\u00e9s": {}
                    },
                    "TITRES IMMOBILIS\u00c9S": {
                        "Autres titres immobilis\u00e9s": {},
                        "Certificats d\u2019investissement": {},
                        "Parts de fonds commun de placement (F.C.P.)": {},
                        "Titres immobilis\u00e9s de l\u2019activit\u00e9 de portefeuille (T.I.A.P.)": {},
                        "Titres participatifs": {}
                    }
                },
                "AVANCES ET ACOMPTES VERS\u00c9S SUR IMMOBILISATIONS": {
                    "AVANCES ET ACOMPTES VERS\u00c9S SUR IMMOBILISATIONS CORPORELLES": {},
                    "AVANCES ET ACOMPTES VERS\u00c9S SUR IMMOBILISATIONS INCORPORELLES": {}
                },
                "B\u00c2TIMENTS, INSTALLATIONS TECHNIQUES ET AGENCEMENTS": {
                    "AMENAGEMENTS DE BUREAUX": {
                        "Autres": {},
                        "Installations g\u00e9n\u00e9rales": {}
                    },
                    "AUTRES INSTALLATIONS ET AGENCEMENTS": {},
                    "B\u00c2TIMENTS ET INSTALLATIONS EN COURS": {},
                    "B\u00c2TIMENTS INDUSTRIELS, AGRICOLES ET COMMERCIAUX MIS EN CONCESSION": {},
                    "B\u00c2TIMENTS INDUSTRIELS, AGRICOLES, ADMINISTRATIFS ET COMMERCIAUX SUR SOL D\u2019AUTRUI": {
                        "B\u00e2timents administratifs et commerciaux": {},
                        "B\u00e2timents affect\u00e9s au logement du personnel": {},
                        "B\u00e2timents agricoles": {},
                        "B\u00e2timents industriels": {},
                        "Immeubles de rapport": {}
                    },
                    "B\u00c2TIMENTS INDUSTRIELS, AGRICOLES, ADMINISTRATIFS ET COMMERCIAUX SUR SOL PROPRE": {
                        "B\u00e2timents administratifs et commerciaux": {},
                        "B\u00e2timents affect\u00e9s au logement du personnel": {},
                        "B\u00e2timents agricoles": {},
                        "B\u00e2timents industriels": {},
                        "Immeubles de rapport": {}
                    },
                    "INSTALLATIONS TECHNIQUES": {
                        "Installations complexes sp\u00e9cialis\u00e9es sur sol d\u2019autrui": {},
                        "Installations complexes sp\u00e9cialis\u00e9es sur sol propre": {},
                        "Installations \u00e0 caract\u00e8re sp\u00e9cifique sur sol d\u2019autrui": {},
                        "Installations \u00e0 caract\u00e8re sp\u00e9cifique sur sol propre": {}
                    },
                    "OUVRAGES D\u2019INFRASTRUCTURE": {
                        "Autres": {},
                        "Barrages, Digues": {},
                        "Pistes d\u2019a\u00e9rodrome": {},
                        "Voies de fer": {},
                        "Voies de terre": {},
                        "Voies d\u2019eau": {}
                    }
                },
                "CHARGES IMMOBILIS\u00c9ES": {
                    "CHARGES \u00c0 R\u00c9PARTIR SUR PLUSIEURS EXERCICES": {
                        "Charges diff\u00e9r\u00e9es": {},
                        "Charges \u00e0 \u00e9taler": {},
                        "Frais d'acquisition d'immobilisations": {},
                        "Frais d'\u00e9mission des emprunts": {}
                    },
                    "FRAIS D'\u00c9TABLISSEMENT": {
                        "Frais d'entr\u00e9e \u00e0 la Bourse": {},
                        "Frais de constitution": {},
                        "Frais de fonctionnement ant\u00e9rieurs au d\u00e9marrage": {},
                        "Frais de modification du capital (fusions, scissions, transformations)": {},
                        "Frais de prospection": {},
                        "Frais de publicit\u00e9 et de lancement": {},
                        "Frais de restructuration": {},
                        "Frais divers d'\u00e9tablissement": {}
                    },
                    "PRIMES DE REMBOURSEMENT DES OBLIGATIONS": {
                        "Autres emprunts obligataires": {},
                        "Obligations convertibles": {},
                        "Obligations ordinaires": {}
                    }
                },
                "IMMOBILISATIONS INCORPORELLES": {
                    "AUTRES DROITS ET VALEURS INCORPORELS": {},
                    "BREVETS, LICENCES, CONCESSIONS ET DROITS SIMILAIRES": {},
                    "DROIT AU BAIL": {},
                    "FONDS COMMERCIAL": {},
                    "FRAIS DE RECHERCHE ET DE D\u00c9VELOPPEMENT": {},
                    "IMMOBILISATIONS INCORPORELLES EN COURS": {
                        "Autres droits et valeurs incorporels": {},
                        "Frais de recherche et de d\u00e9veloppement": {},
                        "Logiciels": {}
                    },
                    "INVESTISSEMENTS DE CR\u00c9ATION": {},
                    "LOGICIELS": {},
                    "MARQUES": {}
                },
                "MAT\u00c9RIEL": {
                    "AGENCEMENTS ET AM\u00c9NAGEMENTS DU MAT\u00c9RIEL": {},
                    "AUTRES MAT\u00c9RIELS": {
                        "Collections et oeuvres d\u2019art": {}
                    },
                    "IMMOBILISATIONS ANIMALES ET AGRICOLES": {
                        "Animaux de garde": {},
                        "Autres": {},
                        "Cheptel, animaux de trait": {},
                        "Cheptel, animaux reproducteurs": {},
                        "Plantations agricoles": {}
                    },
                    "MAT\u00c9RIEL DE TRANSPORT": {
                        "Autres (v\u00e9lo, mobylette, moto)": {},
                        "Mat\u00e9riel automobile": {},
                        "Mat\u00e9riel a\u00e9rien": {},
                        "Mat\u00e9riel ferroviaire": {},
                        "Mat\u00e9riel fluvial, lagunaire": {},
                        "Mat\u00e9riel hippomobile": {},
                        "Mat\u00e9riel naval": {}
                    },
                    "MAT\u00c9RIEL D\u2019EMBALLAGE R\u00c9CUP\u00c9RABLE ET IDENTIFIABLE": {},
                    "MAT\u00c9RIEL EN COURS": {
                        "Agencements et am\u00e9nagements du mat\u00e9riel": {},
                        "Autres mat\u00e9riels": {},
                        "Immobilisations animales et agricoles": {},
                        "Mat\u00e9riel de transport": {},
                        "Mat\u00e9riel d\u2019emballage r\u00e9cup\u00e9rable et identifiable": {},
                        "Mat\u00e9riel et mobilier de bureau": {},
                        "Mat\u00e9riel et outillage agricole": {},
                        "Mat\u00e9riel et outillage industriel et commercial": {}
                    },
                    "MAT\u00c9RIEL ET MOBILIER": {
                        "Mat\u00e9riel bureautique": {},
                        "Mat\u00e9riel de bureau": {},
                        "Mat\u00e9riel et mobilier des immeubles de rapport": {},
                        "Mat\u00e9riel et mobilier des logements du personnel": {},
                        "Mat\u00e9riel informatique": {},
                        "Mobilier de bureau": {}
                    },
                    "MAT\u00c9RIEL ET OUTILLAGE AGRICOLE": {
                        "Mat\u00e9riel agricole": {},
                        "Outillage agricole": {}
                    },
                    "MAT\u00c9RIEL ET OUTILLAGE INDUSTRIEL ET COMMERCIAL": {
                        "Mat\u00e9riel commercial": {},
                        "Mat\u00e9riel industriel": {},
                        "Outillage commercial": {},
                        "Outillage industriel": {}
                    }
                },
                "PROVISIONS POUR DEPRECIATION": {
                    "PROVISIONS POUR D\u00c9PR\u00c9CIATION DE MAT\u00c9RIEL": {
                        "Provisions pour d\u00e9pr\u00e9ciation de mat\u00e9riel en cours": {},
                        "Provisions pour d\u00e9pr\u00e9ciation des agencements et am\u00e9nagements du mat\u00e9riel": {},
                        "Provisions pour d\u00e9pr\u00e9ciation des autres mat\u00e9riels": {},
                        "Provisions pour d\u00e9pr\u00e9ciation des immobilisations animales et agricoles": {},
                        "Provisions pour d\u00e9pr\u00e9ciation du mat\u00e9riel d'emballage r\u00e9cup\u00e9rable et identifiable": {},
                        "Provisions pour d\u00e9pr\u00e9ciation du mat\u00e9riel de transport": {},
                        "Provisions pour d\u00e9pr\u00e9ciation du mat\u00e9riel et mobilier": {},
                        "Provisions pour d\u00e9pr\u00e9ciation du mat\u00e9riel et outillage agricole": {},
                        "Provisions pour d\u00e9pr\u00e9ciation du mat\u00e9riel et outillage industriel et commercial": {}
                    },
                    "PROVISIONS POUR D\u00c9PR\u00c9CIATION DES AUTRES IMMOBILISATIONS FINANCI\u00c8RES": {
                        "Provisions pour d\u00e9pr\u00e9ciation des cr\u00e9ances financi\u00e8res diverses": {},
                        "Provisions pour d\u00e9pr\u00e9ciation des cr\u00e9ances rattach\u00e9es \u00e0 des participations et avances \u00e0 des GIE": {},
                        "Provisions pour d\u00e9pr\u00e9ciation des cr\u00e9ances sur l'Etat": {},
                        "Provisions pour d\u00e9pr\u00e9ciation des d\u00e9p\u00f4ts et cautionnements vers\u00e9s": {},
                        "Provisions pour d\u00e9pr\u00e9ciation des pr\u00eats au personnel": {},
                        "Provisions pour d\u00e9pr\u00e9ciation des pr\u00eats et cr\u00e9ances non commerciales": {},
                        "Provisions pour d\u00e9pr\u00e9ciation des titres immobilis\u00e9s": {}
                    },
                    "PROVISIONS POUR D\u00c9PR\u00c9CIATION DES AVANCES ET ACOMPTES VERS\u00c9S SUR IMMOBILISATIONS": {
                        "Provisions pour d\u00e9pr\u00e9ciation des avances et acomptes vers\u00e9s sur immobilisations corporelles": {},
                        "Provisions pour d\u00e9pr\u00e9ciation des avances et acomptes vers\u00e9s sur immobilisations incorporelles": {}
                    },
                    "PROVISIONS POUR D\u00c9PR\u00c9CIATION DES B\u00c2TIMENTS, INSTALLATIONS TECHNIQUES ET AGENCEMENTS": {
                        "Provisions pour d\u00e9pr\u00e9ciation des am\u00e9nagements de bureaux": {},
                        "Provisions pour d\u00e9pr\u00e9ciation des autres installations et agencements": {},
                        "Provisions pour d\u00e9pr\u00e9ciation des b\u00e2timents et installations en cours": {},
                        "Provisions pour d\u00e9pr\u00e9ciation des b\u00e2timents industriels, agricoles et commerciaux mis en concession": {},
                        "Provisions pour d\u00e9pr\u00e9ciation des b\u00e2timents industriels, agricoles, administratifs et commerciaux sur sol d'autrui": {},
                        "Provisions pour d\u00e9pr\u00e9ciation des b\u00e2timents industriels, agricoles, administratifs et commerciaux sur sol propre": {},
                        "Provisions pour d\u00e9pr\u00e9ciation des installations techniques": {},
                        "Provisions pour d\u00e9pr\u00e9ciation des ouvrages d'infrastructures": {}
                    },
                    "PROVISIONS POUR D\u00c9PR\u00c9CIATION DES IMMOBILISATIONS INCORPORELLES": {
                        "Provisions pour d\u00e9pr\u00e9ciation des autres droits et valeurs incorporels": {},
                        "Provisions pour d\u00e9pr\u00e9ciation des brevets, licences, concessions et droits similaires": {},
                        "Provisions pour d\u00e9pr\u00e9ciation des immobilisations incorporelles en cours": {},
                        "Provisions pour d\u00e9pr\u00e9ciation des investissements de cr\u00e9ation": {},
                        "Provisions pour d\u00e9pr\u00e9ciation des logiciels": {},
                        "Provisions pour d\u00e9pr\u00e9ciation des marques": {},
                        "Provisions pour d\u00e9pr\u00e9ciation du droit au bail": {},
                        "Provisions pour d\u00e9pr\u00e9ciation du fonds commercial": {}
                    },
                    "PROVISIONS POUR D\u00c9PR\u00c9CIATION DES TERRAINS": {
                        "Provisions pour d\u00e9pr\u00e9ciation des am\u00e9nagements de terrains en cours": {},
                        "Provisions pour d\u00e9pr\u00e9ciation des autres terrains": {},
                        "Provisions pour d\u00e9pr\u00e9ciation des terrains agricoles et forestiers": {},
                        "Provisions pour d\u00e9pr\u00e9ciation des terrains am\u00e9nag\u00e9s": {},
                        "Provisions pour d\u00e9pr\u00e9ciation des terrains b\u00e2tis": {},
                        "Provisions pour d\u00e9pr\u00e9ciation des terrains de gisement": {},
                        "Provisions pour d\u00e9pr\u00e9ciation des terrains mis en concession": {},
                        "Provisions pour d\u00e9pr\u00e9ciation des terrains nus": {},
                        "Provisions pour d\u00e9pr\u00e9ciation des travaux de mise en valeur des terrains": {}
                    },
                    "PROVISIONS POUR D\u00c9PR\u00c9CIATION DES TITRES DE PARTICIPATION": {
                        "Provisions pour d\u00e9pr\u00e9ciation des autres titres de participation": {},
                        "Provisions pour d\u00e9pr\u00e9ciation des participations dans des organismes professionnels": {},
                        "Provisions pour d\u00e9pr\u00e9ciation des parts dans des GIE": {},
                        "Provisions pour d\u00e9pr\u00e9ciation des titres de participation dans des soci\u00e9t\u00e9s sous contr\u00f4le exclusif": {},
                        "Provisions pour d\u00e9pr\u00e9ciation des titres de participation dans les soci\u00e9t\u00e9s conf\u00e9rant une influence notable": {},
                        "Provisions pour d\u00e9pr\u00e9ciation des titres de participation dans les soci\u00e9t\u00e9s sous contr\u00f4le conjoint": {}
                    }
                },
                "TERRAINS": {
                    "AM\u00c9NAGEMENTS DE TERRAINS EN COURS": {
                        "Autres terrains": {},
                        "Terrains agricoles et forestiers": {},
                        "Terrains de gisement": {},
                        "Terrains nus": {}
                    },
                    "AUTRES TERRAINS": {
                        "Autres terrains": {},
                        "Terrains des immeubles de rapport": {},
                        "Terrains des logements affect\u00e9s au personnel": {}
                    },
                    "TERRAINS AGRICOLES ET FORESTIERS": {
                        "Autres terrains": {},
                        "Terrains d'exploitation agricole": {},
                        "Terrains d'exploitation foresti\u00e8re": {}
                    },
                    "TERRAINS AM\u00c9NAG\u00c9S": {
                        "Parkings": {}
                    },
                    "TERRAINS B\u00c2TIS": {
                        "Autres terrains b\u00e2tis": {},
                        "pour b\u00e2timents administratifs et commerciaux": {},
                        "pour b\u00e2timents affect\u00e9s aux autres op\u00e9rations non professionnelles": {},
                        "pour b\u00e2timents affect\u00e9s aux autres op\u00e9rations professionnelles": {},
                        "pour b\u00e2timents industriels et agricoles": {}
                    },
                    "TERRAINS DE GISEMENT": {
                        "Carri\u00e8res": {}
                    },
                    "TERRAINS MIS EN CONCESSION": {},
                    "TERRAINS NUS": {
                        "Autres terrains nus": {},
                        "Terrains \u00e0 b\u00e2tir": {}
                    },
                    "TRAVAUX DE MISE EN VALEUR DES TERRAINS": {
                        "Autres travaux": {},
                        "Plantation d'arbres et d'arbustes": {}
                    }
                },
                "TITRES DE PARTICIPATION": {
                    "AUTRES TITRES DE PARTICIPATION": {},
                    "PARTICIPATIONS DANS DES ORGANISMES PROFESSIONNELS": {},
                    "PARTS DANS DES GROUPEMENTS D\u2019INT\u00c9R\u00caT \u00c9CONOMIQUE (G.I.E.)": {},
                    "TITRES DE PARTICIPATION DANS DES SOCI\u00c9T\u00c9S CONF\u00c9RANT UNE INFLUENCE NOTABLE": {},
                    "TITRES DE PARTICIPATION DANS DES SOCI\u00c9T\u00c9S SOUS CONTR\u00d4LE CONJOINT": {},
                    "TITRES DE PARTICIPATION DANS DES SOCI\u00c9T\u00c9S SOUS CONTR\u00d4LE EXCLUSIF": {}
                }
            },
            "Comptes de capitaux": {
                "CAPITAL": {
                    "ACTIONNAIRES, CAPITAL SOUSCRIT, NON APPEL\u00c9": {},
                    "CAPITAL PAR DOTATION": {
                        "Autres dotations": {},
                        "Dotation initiale": {},
                        "Dotations compl\u00e9mentaires": {}
                    },
                    "CAPITAL PERSONNEL": {},
                    "CAPITAL SOCIAL": {
                        "Capital souscrit soumis \u00e0 des conditions particuli\u00e8res": {},
                        "Capital souscrit, appel\u00e9, non vers\u00e9": {},
                        "Capital souscrit, appel\u00e9, vers\u00e9, amorti": {},
                        "Capital souscrit, appel\u00e9, vers\u00e9, non amorti": {},
                        "Capital souscrit, non appel\u00e9": {}
                    },
                    "COMPTE DE L'EXPLOITANT": {
                        "Apports temporaires": {},
                        "Autres pr\u00e9l\u00e8vements": {},
                        "Op\u00e9rations courantes": {},
                        "Pr\u00e9l\u00e8vements d\u2019autoconsommation": {},
                        "R\u00e9mun\u00e9rations, imp\u00f4ts et autres charges personnelles": {}
                    },
                    "PRIMES LI\u00c9ES AUX CAPITAUX PROPRES": {
                        "Autres primes": {},
                        "Primes d'apport": {},
                        "Primes d'\u00e9mission": {},
                        "Primes de conversion": {},
                        "Primes de fusion": {}
                    },
                    "\u00c9CARTS DE R\u00c9\u00c9VALUATION": {
                        "\u00c9carts de r\u00e9\u00e9valuation libre": {},
                        "\u00c9carts de r\u00e9\u00e9valuation l\u00e9gale": {}
                    }
                },
                "DETTES DE CR\u00c9DIT - BAIL ET CONTRATS ASSIMIL\u00c9S": {
                    "EMPRUNTS \u00c9QUIVALENTS DE CR\u00c9DIT - BAIL IMMOBILIER": {},
                    "EMPRUNTS \u00c9QUIVALENTS DE CR\u00c9DIT - BAIL MOBILIER": {},
                    "EMPRUNTS \u00c9QUIVALENTS D\u2019AUTRES CONTRATS": {},
                    "INT\u00c9R\u00caTS COURUS": {
                        "sur emprunts \u00e9quivalents de cr\u00e9dit \u2013 bail immobilier": {},
                        "sur emprunts \u00e9quivalents de cr\u00e9dit \u2013 bail mobilier": {},
                        "sur emprunts \u00e9quivalents d\u2019autres contrats": {}
                    }
                },
                "DETTES LI\u00c9ES \u00c0 DES PARTICIPATIONS ET COMPTES DE LIAISON DES ETABLISSEMENTS ET SOCI\u00c9T\u00c9S EN PARTICIPATION": {
                    "COMPTES DE LIAISON CHARGES": {},
                    "COMPTES DE LIAISON DES SOCI\u00c9T\u00c9S EN PARTICIPATION": {},
                    "COMPTES DE LIAISON PRODUITS": {},
                    "COMPTES PERMANENTS BLOQU\u00c9S DES \u00c9TABLISSEMENTS ET SUCCURSALES": {},
                    "COMPTES PERMANENTS NON BLOQU\u00c9S DES \u00c9TABLISSEMENTS ET SUCCURSALES": {},
                    "DETTES LI\u00c9ES \u00c0 DES PARTICIPATIONS": {
                        "Dettes li\u00e9es \u00e0 des participations (groupe)": {},
                        "Dettes li\u00e9es \u00e0 des participations (hors groupe)": {}
                    },
                    "DETTES LI\u00c9ES \u00c0 DES SOCI\u00c9T\u00c9S EN PARTICIPATION": {},
                    "INT\u00c9R\u00caTS COURUS SUR DETTES LI\u00c9ES \u00c0 DES PARTICIPATIONS": {}
                },
                "EMPRUNTS ET DETTES ASSIMIL\u00c9ES": {
                    "AUTRES EMPRUNTS ET DETTES": {
                        "Billets de fonds": {},
                        "Dettes cons\u00e9cutives \u00e0 des titres emprunt\u00e9s": {},
                        "Dettes du conc\u00e9dant exigibles en nature": {},
                        "Emprunts participatifs": {},
                        "Participation des travailleurs aux b\u00e9n\u00e9fices": {},
                        "Rentes viag\u00e8res capitalis\u00e9es": {}
                    },
                    "AVANCES ASSORTIES DE CONDITIONS PARTICULI\u00c8RES": {
                        "Avances bloqu\u00e9es pour augmentation du capital": {},
                        "Avances conditionn\u00e9es par l'\u00c9tat": {},
                        "Avances conditionn\u00e9es par les autres organismes africains": {},
                        "Avances conditionn\u00e9es par les organismes internationaux": {},
                        "Droits du conc\u00e9dant exigibles en nature": {}
                    },
                    "AVANCES RE\u00c7UES DE L'\u00c9TAT": {},
                    "AVANCES RE\u00c7UES ET COMPTES COURANTS BLOQU\u00c9S": {},
                    "D\u00c9P\u00d4TS ET CAUTIONNEMENTS RECUS": {
                        "Cautionnements": {},
                        "D\u00e9p\u00f4ts": {}
                    },
                    "EMPRUNTS ET DETTES AUPR\u00c8S DES \u00c9TABLISSEMENTS DE CR\u00c9DIT": {},
                    "EMPRUNTS OBLIGATAIRES": {
                        "Autres emprunts obligataires": {},
                        "Emprunts obligataires convertibles": {},
                        "Emprunts obligataires ordinaires": {}
                    },
                    "INT\u00c9R\u00caTS COURUS": {
                        "sur autres emprunts et dettes": {},
                        "sur avances assorties de conditions particuli\u00e8res": {},
                        "sur avances re\u00e7ues de l'\u00c9tat": {},
                        "sur avances re\u00e7ues et comptes courants bloqu\u00e9s": {},
                        "sur d\u00e9p\u00f4ts et cautionnements re\u00e7us": {},
                        "sur emprunts et dettes aupr\u00e8s des \u00e9tablissements de cr\u00e9dit": {},
                        "sur emprunts obligataires": {}
                    }
                },
                "PROVISIONS FINANCIERES POUR RISQUES ET CHARGES": {
                    "AUTRES PROVISIONS FINANCI\u00c8RES POUR RISQUES ET CHARGES": {
                        "Autres provisions financi\u00e8res pour risques et charges": {},
                        "Provisions de propre assureur": {},
                        "Provisions pour amendes et p\u00e9nalit\u00e9s": {},
                        "Provisions pour renouvellement des immobilisations (entreprises concessionnaires)": {}
                    },
                    "PROVISIONS POUR CHARGES \u00c0 REPARTIR SUR PLUSIEURS EXERCICES": {
                        "Provisions pour grosses r\u00e9parations": {}
                    },
                    "PROVISIONS POUR GARANTIES DONN\u00c9ES AUX CLIENTS": {},
                    "PROVISIONS POUR IMP\u00d4TS": {},
                    "PROVISIONS POUR LITIGES": {},
                    "PROVISIONS POUR PENSIONS ET OBLIGATIONS SIMILAIRES": {},
                    "PROVISIONS POUR PERTES DE CHANGE": {},
                    "PROVISIONS POUR PERTES SUR MARCH\u00c9S \u00c0 ACH\u00c8VEMENT FUTUR": {}
                },
                "PROVISIONS R\u00c9GLEMENT\u00c9ES ET FONDS ASSIMIL\u00c9S": {
                    "AMORTISSEMENTS D\u00c9ROGATOIRES": {},
                    "AUTRES PROVISIONS ET FONDS R\u00c9GLEMENTES": {},
                    "FONDS R\u00c9GLEMENT\u00c9S": {
                        "Fonds National": {},
                        "Pr\u00e9l\u00e8vement pour le Budget": {}
                    },
                    "PLUS-VALUES DE CESSION \u00c0 R\u00c9INVESTIR": {},
                    "PROVISION SP\u00c9CIALE DE R\u00c9\u00c9VALUATION": {},
                    "PROVISIONS POUR INVESTISSEMENT": {},
                    "PROVISIONS R\u00c9GLEMENT\u00c9ES RELATIVES AUX IMMOBILISATIONS": {
                        "Reconstitution des gisements miniers et p\u00e9troliers": {}
                    },
                    "PROVISIONS R\u00c9GLEMENT\u00c9ES RELATIVES AUX STOCKS": {
                        "Fluctuation des cours": {},
                        "Hausse de prix": {}
                    }
                },
                "REPORT \u00c0 NOUVEAU": {
                    "REPORT \u00c0 NOUVEAU CR\u00c9DITEUR": {},
                    "REPORT \u00c0 NOUVEAU D\u00c9BITEUR": {
                        "Perte - Amortissements r\u00e9put\u00e9s diff\u00e9r\u00e9s": {},
                        "Perte nette \u00e0 reporter": {}
                    }
                },
                "R\u00c9SERVES": {
                    "AUTRES R\u00c9SERVES": {
                        "R\u00e9serves diverses": {},
                        "R\u00e9serves facultatives": {}
                    },
                    "R\u00c9SERVE L\u00c9GALE": {},
                    "R\u00c9SERVES R\u00c9GLEMENT\u00c9ES": {
                        "Autres r\u00e9serves r\u00e9glement\u00e9es": {},
                        "R\u00e9serves cons\u00e9cutives \u00e0 l'octroi de subventions d'investissement": {},
                        "R\u00e9serves de plus-values nettes \u00e0 long terme": {}
                    },
                    "R\u00c9SERVES STATUTAIRES OU CONTRACTUELLES": {}
                },
                "R\u00c9SULTAT NET DE L'EXERCICE": {
                    "EXC\u00c9DENT BRUT D'EXPLOITATION (E.B.E.)": {},
                    "MARGE BRUTE (M.B.)": {
                        "Marge brute sur marchandises": {},
                        "Marge brute sur mati\u00e8res": {}
                    },
                    "R\u00c9SULTAT D'EXPLOITATION (R.E.)": {},
                    "R\u00c9SULTAT DES ACTIVIT\u00c9S ORDINAIRES (R.A.O.)": {},
                    "R\u00c9SULTAT EN INSANCE D\u2019AFFECTATION": {
                        "R\u00e9sultat en instance d'affectation : B\u00e9n\u00e9fice": {},
                        "R\u00e9sultat en instance d'affectation : Perte": {}
                    },
                    "R\u00c9SULTAT FINANCIER (R.F.)": {},
                    "R\u00c9SULTAT HORS ACTIVIT\u00c9S ORDINAIRES (R.H.A.O.)": {},
                    "R\u00c9SULTAT NET : B\u00c9N\u00c9FICE": {},
                    "R\u00c9SULTAT NET : PERTE": {},
                    "VALEUR AJOUT\u00c9E (V.A.)": {}
                },
                "SUBVENTIONS D'INVESTISSEMENT": {
                    "AUTRES SUBVENTIONS D'INVESTISSEMENT": {},
                    "SUBVENTIONS D'\u00c9QUIPEMENT A": {
                        "Autres": {},
                        "Communes et collectivit\u00e9s publiques d\u00e9centralis\u00e9es": {},
                        "D\u00e9partements": {},
                        "Entreprises et organismes priv\u00e9s": {},
                        "Entreprises publiques ou mixtes": {},
                        "Organismes internationaux": {},
                        "R\u00e9gions": {},
                        "\u00c9tat": {}
                    },
                    "SUBVENTIONS D'\u00c9QUIPEMENT B": {}
                }
            },
            "Comptes de stocks et d'en-cours": {
                "AUTRES APPROVISIONNEMENTS": {
                    "AUTRES MATI\u00c8RES": {},
                    "EMBALLAGES": {
                        "Autres emballages": {},
                        "Emballages perdus": {},
                        "Emballages r\u00e9cup\u00e9rables non identifiables": {},
                        "Emballages \u00e0 usage mixte": {}
                    },
                    "FOURNITURES D'ATELIER ET D'USINE": {},
                    "FOURNITURES DE BUREAU": {},
                    "FOURNITURES DE MAGASIN": {},
                    "MATI\u00c8RES CONSOMMABLES": {}
                },
                "D\u00c9PR\u00c9CIATIONS DES STOCKS": {
                    "D\u00c9PR\u00c9CIATIONS DES PRODUCTIONS EN COURS": {},
                    "D\u00c9PR\u00c9CIATIONS DES SERVICES EN COURS": {},
                    "D\u00c9PR\u00c9CIATIONS DES STOCKS D'AUTRES APPOVISIONNEMENTS": {},
                    "D\u00c9PR\u00c9CIATIONS DES STOCKS DE MARCHANDISES": {},
                    "D\u00c9PR\u00c9CIATIONS DES STOCKS DE MATI\u00c8RES PREMI\u00c8RES ET FOURNITURES LI\u00c9ES": {},
                    "D\u00c9PR\u00c9CIATIONS DES STOCKS DE PRODUITS FINIS": {},
                    "D\u00c9PR\u00c9CIATIONS DES STOCKS DE PRODUITS INTERM\u00c9DIAIRES ET R\u00c9SIDUELS": {},
                    "D\u00c9PR\u00c9CIATIONS DES STOCKS EN COURS DE ROUTE, EN CONSIGNATION OU EN D\u00c9P\u00d4T": {}
                },
                "MARCHANDISES": {
                    "MARCHANDISES A": {
                        "Marchandises A1": {},
                        "Marchandises A2": {}
                    },
                    "MARCHANDISES B": {
                        "Marchandises B1": {},
                        "Marchandises B2": {}
                    },
                    "MARCHANDISES HORS ACTIVIT\u00c9S ORDINAIRES (H.A.O.)": {}
                },
                "MATI\u00c8RES PREMI\u00c8RES ET FOURNITURES LI\u00c9ES": {
                    "FOURNITURES (A,B)": {},
                    "MATI\u00c8RES A": {},
                    "MATI\u00c8RES B": {}
                },
                "PRODUITS EN COURS": {
                    "PRODUITS EN COURS": {
                        "Produits en cours P1": {},
                        "Produits en cours P2": {}
                    },
                    "PRODUITS INTERM\u00c9DIAIRES EN COURS": {
                        "Produits interm\u00e9diaires A": {},
                        "Produits interm\u00e9diaires B": {}
                    },
                    "PRODUITS R\u00c9SIDUELS EN COURS": {
                        "Produits r\u00e9siduels A": {},
                        "Produits r\u00e9siduels B": {}
                    },
                    "TRAVAUX EN COURS": {
                        "Travaux en cours T1": {},
                        "Travaux en cours T2": {}
                    }
                },
                "PRODUITS FINIS": {
                    "PRODUITS FINIS A": {},
                    "PRODUITS FINIS B": {}
                },
                "PRODUITS INTERM\u00c9DIAIRES ET R\u00c9SIDUELS": {
                    "PRODUITS INTERM\u00c9DIAIRES": {
                        "Produits interm\u00e9diaires A": {},
                        "Produits interm\u00e9diaires B": {}
                    },
                    "PRODUITS R\u00c9SIDUELS": {
                        "D\u00e9chets": {},
                        "Mati\u00e8res de R\u00e9cup\u00e9ration": {},
                        "Rebuts": {}
                    }
                },
                "SERVICES EN COURS": {
                    "PRESTATIONS DE SERVICES EN COURS": {
                        "Prestations de services S1": {},
                        "Prestations de services S2": {}
                    },
                    "\u00c9TUDES EN COURS": {
                        "\u00c9tudes en cours E1": {},
                        "\u00c9tudes en cours E2": {}
                    }
                },
                "STOCKS EN COURS DE ROUTE, EN CONSIGNATION OU EN D\u00c9P\u00d4T": {
                    "AUTRES APPROVISIONNEMENTS EN COURS DE ROUTE": {},
                    "MARCHANDISES EN COURS DE ROUTE": {},
                    "MATI\u00c8RES PREMI\u00c8RES ET FOURNITURES LI\u00c9ES EN COURS DE ROUTE": {},
                    "PRODUITS FINIS EN COURS DE ROUTE": {},
                    "STOCK EN CONSIGNATION OU EN D\u00c9P\u00d4T": {
                        "Stock en consignation": {},
                        "Stock en d\u00e9p\u00f4t": {}
                    },
                    "STOCK PROVENANT D'IMMOBILISATIONS MISES HORS SERVICE OU AU REBUT": {}
                }
            },
            "Comptes de tiers": {
                "ASSOCI\u00c9S ET GROUPE": {
                    "ACTIONNAIRES, RESTANT D\u00db SUR CAPITAL APPEL\u00c9": {},
                    "ASSOCI\u00c9S, COMPTES COURANTS": {
                        "Int\u00e9r\u00eats courus": {},
                        "Principal": {}
                    },
                    "ASSOCI\u00c9S, DIVIDENDES \u00c0 PAYER": {},
                    "ASSOCI\u00c9S, OP\u00c9RATIONS FAITES EN COMMUN": {},
                    "ASSOCI\u00c9S, OP\u00c9RATIONS SUR LE CAPITAL": {
                        "Actionnaires d\u00e9faillants": {},
                        "Actionnaires, capital souscrit appel\u00e9 non vers\u00e9": {},
                        "Associ\u00e9s apports en nature": {},
                        "Associ\u00e9s apports en num\u00e9raire": {},
                        "Associ\u00e9s, autres apports": {},
                        "Associ\u00e9s, capital appel\u00e9 non vers\u00e9": {},
                        "Associ\u00e9s, capital \u00e0 rembourser": {},
                        "Associ\u00e9s, versements anticip\u00e9s": {},
                        "Associ\u00e9s, versements re\u00e7us sur augmentation de capital": {}
                    },
                    "GROUPE, COMPTES COURANTS": {}
                },
                "CLIENTS ET COMPTES RATTACH\u00c9S": {
                    "CLIENTS": {
                        "Client, retenues de garantie": {},
                        "Clients": {},
                        "Clients - Groupe": {},
                        "Clients, d\u00e9gr\u00e8vement de Taxes sur la Valeur Ajout\u00e9e (T.V.A.)": {},
                        "Clients, organismes internationaux": {},
                        "Clients, \u00c9tat et Collectivit\u00e9s publiques": {}
                    },
                    "CLIENTS CR\u00c9DITEURS": {
                        "Clients - Groupe, avances et acomptes re\u00e7us": {},
                        "Clients, avances et acomptes re\u00e7us": {},
                        "Clients, dettes pour emballages et mat\u00e9riels consign\u00e9s": {},
                        "Rabais, Remises, Ristournes et autres avoirs \u00e0 accorder": {}
                    },
                    "CLIENTS, PRODUITS \u00c0 RECEVOIR": {
                        "Clients, factures \u00e0 \u00e9tablir": {},
                        "Clients, int\u00e9r\u00eats courus": {}
                    },
                    "CLIENTS, \u00c9FFETS ESCOMPT\u00c9S NON \u00c9CHUS": {},
                    "CLIENTS, \u00c9FFETS \u00c0 RECEVOIR EN PORTEFEUILLE": {
                        "Clients - Groupe, Effets \u00e0 recevoir": {},
                        "Clients, Effets \u00e0 recevoir": {},
                        "Organismes Internationaux, Effets \u00e0 recevoir": {},
                        "\u00c9tat et Collectivit\u00e9s publiques, Effets \u00e0 recevoir": {}
                    },
                    "CR\u00c9ANCES CLIENTS LITIGIEUSES OU DOUTEUSES": {
                        "Cr\u00e9ances douteuses": {},
                        "Cr\u00e9ances litigieuses": {}
                    },
                    "CR\u00c9ANCES SUR CESSIONS D'IMMOBILISATIONS": {
                        "Cr\u00e9ances en compte": {},
                        "Effets \u00e0 recevoir": {}
                    }
                },
                "CR\u00c9ANCES ET DETTES HORS ACTIVIT\u00c9S ORDINAIRES (HAO)": {
                    "AUTRES CR\u00c9ANCES HORS ACTIVIT\u00c9S ORDINAIRES (H.A.O.)": {},
                    "AUTRES DETTES HORS ACTIVITES ORDINAIRES (H.A.O.)": {},
                    "CR\u00c9ANCES SUR CESSIONS D'IMMOBILISATIONS": {
                        "Effets \u00e0 recevoir": {},
                        "En compte": {},
                        "Factures \u00e0 \u00e9tablir": {},
                        "Retenues de garantie": {}
                    },
                    "CR\u00c9ANCES SUR CESSIONS DE TITRES DE PLACEMENT": {},
                    "DETTES SUR ACQUISITION DE TITRES DE PLACEMENT": {},
                    "FOURNISSEURS D'INVESTISSEMENTS": {
                        "Factures non parvenues": {},
                        "Immobilisations corporelles": {},
                        "Immobilisations incorporelles": {},
                        "Retenues de garantie": {}
                    },
                    "FOURNISSEURS D'INVESTISSEMENTS, EFFETS \u00c0 PAYER": {}
                },
                "D\u00c9BITEURS ET CR\u00c9DITEURS DIVERS": {
                    "CHARGES CONSTAT\u00c9ES D'AVANCE": {},
                    "COMPTES D'ATTENTE": {
                        "Cr\u00e9diteurs divers": {},
                        "D\u00e9biteurs divers": {}
                    },
                    "CR\u00c9ANCES SUR TRAVAUX NON ENCORE FACTURABLES": {},
                    "PRODUITS CONSTAT\u00c9S D'AVANCE": {},
                    "R\u00c9PARTITION P\u00c9RIODIQUE DES CHARGES ET DES PRODUITS": {
                        "Charges": {},
                        "Produits": {}
                    },
                    "VERSEMENTS RESTANT \u00c0 EFFECTUER SUR TITRES NON LIB\u00c9R\u00c9S": {
                        "Titres de participation": {},
                        "Titres de placement": {},
                        "Titres immobilis\u00e9s": {}
                    },
                    "\u00c9CARTS DE CONVERSION - ACTIF": {
                        "Augmentation des dettes": {},
                        "Diff\u00e9rences compens\u00e9es par couverture de change": {},
                        "Diminution des cr\u00e9ances": {}
                    },
                    "\u00c9CARTS DE CONVERSION - PASSIF": {
                        "Augmentation des cr\u00e9ances": {},
                        "Diff\u00e9rences compens\u00e9es par couverture de change": {},
                        "Diminution des dettes": {}
                    }
                },
                "D\u00c9PR\u00c9CIATIONS ET RISQUES PROVISIONN\u00c9S (TIERS)": {
                    "D\u00c9PR\u00c9CIATIONS DES COMPTES ASSOCI\u00c9S ET GROUPE": {
                        "Associ\u00e9s, comptes courants": {},
                        "Associ\u00e9s, op\u00e9rations faites en commun": {},
                        "Groupe, comptes courants": {}
                    },
                    "D\u00c9PR\u00c9CIATIONS DES COMPTES CLIENTS": {
                        "Cr\u00e9ances douteuses": {},
                        "Cr\u00e9ances litigieuses": {}
                    },
                    "D\u00c9PR\u00c9CIATIONS DES COMPTES DE CR\u00c9ANCES H.A.O.": {
                        "Autres cr\u00e9ances H.A.O.": {},
                        "Cr\u00e9ances sur cessions d'immobilisations": {},
                        "Cr\u00e9ances sur cessions de titres de placement": {}
                    },
                    "D\u00c9PR\u00c9CIATIONS DES COMPTES D\u00c9BITEURS DIVERS": {},
                    "D\u00c9PR\u00c9CIATIONS DES COMPTES FOURNISSEURS": {},
                    "D\u00c9PR\u00c9CIATIONS DES COMPTES ORGANISMES INTERNATIONAUX": {},
                    "D\u00c9PR\u00c9CIATIONS DES COMPTES ORGANISMES SOCIAUX": {},
                    "D\u00c9PR\u00c9CIATIONS DES COMPTES PERSONNEL": {},
                    "D\u00c9PR\u00c9CIATIONS DES COMPTES \u00c9TAT ET COLLECTIVIT\u00c9S PUBLIQUES": {},
                    "RISQUES PROVISIONN\u00c9S": {
                        "Sur op\u00e9rations H.A.O.": {},
                        "Sur op\u00e9rations d'exploitation": {}
                    }
                },
                "FOURNISSEURS ET COMPTES RATTACH\u00c9S": {
                    "FOURNISSEURS D\u00c9BITEURS": {
                        "Fournisseurs - Groupe avances et acomptes vers\u00e9s": {},
                        "Fournisseurs avances et acomptes vers\u00e9s": {},
                        "Fournisseurs cr\u00e9ances pour emballages et mat\u00e9riels \u00e0 rendre": {},
                        "Fournisseurs sous-traitants avances et acomptes vers\u00e9s": {},
                        "Rabais, Remises, Ristournes et autres avoirs \u00e0 obtenir": {}
                    },
                    "FOURNISSEURS, DETTES EN COMPTE": {
                        "Fournisseur, retenues de garantie": {},
                        "Fournisseurs": {},
                        "Fournisseurs Groupe": {},
                        "Fournisseurs sous-traitants": {}
                    },
                    "FOURNISSEURS, EFFETS \u00c0 PAYER": {
                        "Fournisseurs - Groupe, Effets \u00e0 payer": {},
                        "Fournisseurs sous-traitants, Effets \u00e0 payer": {},
                        "Fournisseurs, Effets \u00e0 payer": {}
                    },
                    "FOURNISSEURS, FACTURES NON PARVENUES": {
                        "Fournisseurs": {},
                        "Fournisseurs - Groupe": {},
                        "Fournisseurs sous-traitants": {},
                        "Fournisseurs, int\u00e9r\u00eats courus": {}
                    }
                },
                "ORGANISMES INTERNATIONAUX": {
                    "OP\u00c9RATIONS AVEC LES AUTRES ORGANISMES INTERNATIONAUX": {},
                    "OP\u00c9RATIONS AVEC LES ORGANISMES AFRICAINS": {},
                    "ORGANISMES INTERNATIONAUX, FONDS DE DOTATION ET SUBVENTIONS \u00c0 RECEVOIR": {
                        "Organismes internationaux, fonds de dotation \u00e0 recevoir": {},
                        "Organismes internationaux, subventions \u00e0 recevoir": {}
                    }
                },
                "ORGANISMES SOCIAUX": {
                    "AUTRES ORGANISMES SOCIAUX": {
                        "Mutuelle": {},
                        "T.V.A. factur\u00e9e sur production livr\u00e9e \u00e0 soi-m\u00eame": {},
                        "T.V.A. sur factures \u00e0 \u00e9tablir": {}
                    },
                    "CAISSES DE RETRAITE COMPL\u00c9MENTAIRE": {},
                    "ORGANISMES SOCIAUX, CHARGES \u00c0 PAYER ET PRODUITS \u00c0 RECEVOIR": {
                        "Autres charges \u00e0 payer": {},
                        "Charges sociales sur cong\u00e9s \u00e0 payer": {},
                        "Charges sociales sur gratifications \u00e0 payer": {},
                        "Produits \u00e0 recevoir": {}
                    },
                    "S\u00c9CURIT\u00c9 SOCIALE": {
                        "Accidents de travail": {},
                        "Autres cotisations sociales": {},
                        "Caisse de retraite facultative": {},
                        "Caisse de retraite obligatoire": {},
                        "Prestations familiales": {}
                    }
                },
                "PERSONNEL": {
                    "PERSONNEL \u2013 D\u00c9P\u00d4TS": {},
                    "PERSONNEL, AVANCES ET ACOMPTES": {
                        "Frais avanc\u00e9s et fournitures au personnel": {},
                        "Personnel, acomptes": {},
                        "Personnel, avances": {}
                    },
                    "PERSONNEL, CHARGES \u00c0 PAYER ET PRODUITS \u00c0 RECEVOIR": {
                        "Autres Charges \u00e0 payer": {},
                        "Dettes provisionn\u00e9es pour cong\u00e9s \u00e0 payer": {},
                        "Produits \u00e0 recevoir": {}
                    },
                    "PERSONNEL, OEUVRES SOCIALES INTERNES": {
                        "Allocations familiales": {},
                        "Assistance m\u00e9dicale": {},
                        "Autres oeuvres sociales internes": {},
                        "Organismes sociaux rattach\u00e9s \u00e0 l'entreprise": {}
                    },
                    "PERSONNEL, OPPOSITIONS, SAISIES-ARR\u00caTS": {
                        "Personnel, avis \u00e0 tiers d\u00e9tenteur": {},
                        "Personnel, oppositions": {},
                        "Personnel, saisies-arr\u00eats": {}
                    },
                    "PERSONNEL, PARTICIPATION AUX B\u00c9N\u00c9FICES": {},
                    "PERSONNEL, R\u00c9MUN\u00c9RATIONS DUES": {},
                    "REPR\u00c9SENTANTS DU PERSONNEL": {
                        "Autres repr\u00e9sentants du personnel": {},
                        "D\u00e9l\u00e9gu\u00e9s du personnel": {},
                        "Syndicats et Comit\u00e9s d'entreprises, d'\u00c9tablissement": {}
                    }
                },
                "\u00c9TAT ET COLLECTIVIT\u00c9S PUBLIQUES": {
                    "\u00c9TAT, AUTRES IMP\u00d4TS ET TAXES": {
                        "Autres imp\u00f4ts et taxes": {},
                        "Droits de douane": {},
                        "Imp\u00f4ts et taxes d'Etat": {},
                        "Imp\u00f4ts et taxes pour les collectivit\u00e9s publiques": {},
                        "Imp\u00f4ts et taxes recouvrables sur des associ\u00e9s": {},
                        "Imp\u00f4ts et taxes recouvrables sur des obligataires": {}
                    },
                    "\u00c9TAT, AUTRES TAXES SUR LE CHIFFRE D'AFFAIRES": {},
                    "\u00c9TAT, CHARGES \u00c0 PAYER ET PRODUITS \u00c0 RECEVOIR": {
                        "Charges \u00e0 payer": {},
                        "Produits \u00e0 recevoir": {}
                    },
                    "\u00c9TAT, CR\u00c9ANCES ET DETTES DIVERSES": {
                        "\u00c9tat, avances et acomptes vers\u00e9s sur imp\u00f4ts": {},
                        "\u00c9tat, fonds de dotation \u00e0 recevoir": {},
                        "\u00c9tat, fonds r\u00e9glement\u00e9 provisionn\u00e9": {},
                        "\u00c9tat, obligations cautionn\u00e9es": {},
                        "\u00c9tat, subventions d'exploitation \u00e0 recevoir": {},
                        "\u00c9tat, subventions d'\u00e9quilibre \u00e0 recevoir": {},
                        "\u00c9tat, subventions d'\u00e9quipement \u00e0 recevoir": {}
                    },
                    "\u00c9TAT, IMP\u00d4T SUR LES B\u00c9N\u00c9FICES": {},
                    "\u00c9TAT, IMP\u00d4TS RETENUS \u00c0 LA SOURCE": {
                        "Autres imp\u00f4ts et contributions": {},
                        "Contribution nationale": {},
                        "Contribution nationale de solidarit\u00e9": {},
                        "Imp\u00f4t G\u00e9n\u00e9ral sur le revenu": {},
                        "Imp\u00f4ts sur salaires": {}
                    },
                    "\u00c9TAT, T.V.A. DUE OU CR\u00c9DIT DE T.V.A.": {
                        "\u00c9tat, T.V.A. due": {},
                        "\u00c9tat, cr\u00e9dit de T.V.A. \u00e0 reporter": {}
                    },
                    "\u00c9TAT, T.V.A. FACTUR\u00c9E": {
                        "T.V.A. factur\u00e9e sur prestations de services": {},
                        "T.V.A. factur\u00e9e sur travaux": {},
                        "T.V.A. factur\u00e9e sur ventes": {}
                    },
                    "\u00c9TAT, T.V.A. R\u00c9CUP\u00c9RABLE": {
                        "T.V.A. r\u00e9cup\u00e9rable sur achats": {},
                        "T.V.A. r\u00e9cup\u00e9rable sur factures non parvenues": {},
                        "T.V.A. r\u00e9cup\u00e9rable sur immobilisations": {},
                        "T.V.A. r\u00e9cup\u00e9rable sur services ext\u00e9rieurs et autres charges": {},
                        "T.V.A. r\u00e9cup\u00e9rable sur transport": {},
                        "T.V.A. transf\u00e9r\u00e9e par d'autres entreprises": {}
                    }
                }
            },
            "Comptes financiers": {
                "BANQUES": {
                    "BANQUES AUTRES ETATS ZONE MONETAIRE": {},
                    "BANQUES AUTRES \u00c9TATS REGION": {},
                    "BANQUES HORS ZONE MONETAIRE": {},
                    "BANQUES LOCALES": {
                        "BANQUE Y": {},
                        "BANQUES X": {}
                    },
                    "BANQUES, INTERETS COURUS": {}
                },
                "BANQUES, CR\u00c9DITS DE TR\u00c9SORERIE ET D'ESCOMPTE": {
                    "BANQUES, CREDITS DE TRESORERIE, INTERETS COURUS": {},
                    "CR\u00c9DITS DE TR\u00c9SORERIE": {},
                    "ESCOMPTE DE CR\u00c9DITS DE CAMPAGNE": {},
                    "ESCOMPTE DE CR\u00c9DITS ORDINAIRES": {}
                },
                "CAISSE": {
                    "CAISSE SI\u00c8GE SOCIAL": {
                        "en devises": {},
                        "en unit\u00e9s mon\u00e9taires l\u00e9gales": {}
                    },
                    "CAISSE SUCCURSALE A": {
                        "en devises": {},
                        "en unit\u00e9s mon\u00e9taires l\u00e9gales": {}
                    },
                    "CAISSE SUCCURSALE B": {
                        "en devises": {},
                        "en unit\u00e9s mon\u00e9taires l\u00e9gales": {}
                    }
                },
                "D\u00c9PR\u00c9CIATIONS ET RISQUES PROVISIONN\u00c9S": {
                    "D\u00c9PR\u00c9CIATIONS DES COMPTES BANQUES": {},
                    "D\u00c9PR\u00c9CIATIONS DES COMPTES D\u2019INSTRUMENTS DE TR\u00c9SORERIE": {},
                    "D\u00c9PR\u00c9CIATIONS DES COMPTES \u00c9TABLISSEMENTS FINANCIERS ET ASSIMIL\u00c9S": {},
                    "D\u00c9PR\u00c9CIATIONS DES TITRES DE PLACEMENT": {},
                    "D\u00c9PR\u00c9CIATIONS DES TITRES ET VALEURS \u00c0 ENCAISSER": {},
                    "RISQUES PROVISIONN\u00c9S \u00c0 CARACT\u00c8RE FINANCIER": {}
                },
                "INSTRUMENTS DE TR\u00c9SORERIE": {
                    "AVOIRS D'OR ET AUTRES M\u00c9TAUX PR\u00c9CIEUX ()": {},
                    "INSTRUMENTS DE MARCH\u00c9S \u00c0 TERME": {},
                    "OPTIONS DE TAUX BOURSIERS": {},
                    "OPTIONS DE TAUX D'INT\u00c9R\u00caT": {},
                    "OPTIONS DE TAUX DE CHANGE": {}
                },
                "R\u00c9GIES D'AVANCES, ACCR\u00c9DITIFS ET VIREMENTS INTERNES": {
                    "ACCR\u00c9DITIFS": {},
                    "AUTRES VIREMENTS INTERNES": {},
                    "R\u00c9GIES D'AVANCE": {},
                    "VIREMENTS DE FONDS": {}
                },
                "TITRES DE PLACEMENT": {
                    "ACTIONS": {
                        "Actions cot\u00e9es": {},
                        "Actions d\u00e9membr\u00e9es (certificats d'investissement ; droits de vote)": {},
                        "Actions non cot\u00e9es": {},
                        "Actions propres": {},
                        "Autres titres conf\u00e9rant un droit de propri\u00e9t\u00e9": {}
                    },
                    "AUTRES VALEURS ASSIMIL\u00c9ES": {},
                    "BONS DE SOUSCRIPTION": {
                        "Bons de souscription d'actions": {},
                        "Bons de souscription d'obligations": {}
                    },
                    "INT\u00c9R\u00caTS COURUS": {
                        "Actions": {},
                        "Obligations": {},
                        "Titres du Tr\u00e9sor et bons de caisse \u00e0 court terme": {}
                    },
                    "OBLIGATIONS": {
                        "Autres titres conf\u00e9rant un droit de cr\u00e9ance": {},
                        "Obligations cot\u00e9es": {},
                        "Obligations non cot\u00e9es": {},
                        "Obligations \u00e9mises par la soci\u00e9t\u00e9 et rachet\u00e9es par elle": {}
                    },
                    "TITRES DU TR\u00c9SOR ET BONS DE CAISSE \u00c0 COURT TERME": {
                        "Bons de caisse \u00e0 court terme": {},
                        "Titres d'organismes financiers": {},
                        "Titres du Tr\u00e9sor \u00e0 court terme": {}
                    },
                    "TITRES N\u00c9GOCIABLES HORS REGION": {}
                },
                "VALEURS \u00c0 ENCAISSER": {
                    "AUTRES VALEURS \u00c0 L'ENCAISSEMENT": {
                        "Billets de fonds": {},
                        "Ch\u00e8ques de voyage": {},
                        "Coupons \u00e9chus": {},
                        "Int\u00e9r\u00eats \u00e9chus des obligations": {},
                        "Warrants": {}
                    },
                    "CARTES DE CR\u00c9DIT \u00c0 ENCAISSER": {},
                    "CH\u00c8QUES \u00c0 ENCAISSER": {},
                    "CH\u00c8QUES \u00c0 L'ENCAISSEMENT": {},
                    "EFFETS \u00c0 ENCAISSER": {},
                    "EFFETS \u00c0 L'ENCAISSEMENT": {}
                },
                "\u00c9TABLISSEMENTS FINANCIERS ET ASSIMIL\u00c9S": {
                    "AUTRES ORGANISMES FINANCIERS": {},
                    "CH\u00c8QUES POSTAUX": {},
                    "ETABLISSEMENTS FINANCIERS, INTERETS COURUS": {},
                    "SOCI\u00c9T\u00c9S DE GESTION ET D'INTERM\u00c9DIATION (S.G.I.)": {},
                    "TR\u00c9SOR": {}
                }
            },
            "root_type": ""
        },
        "Comptes de gestion": {
            "Comptes de charges": {
                "ACHATS ET VARIATIONS DE STOCKS": {
                    "ACHATS D'EMBALLAGES": {
                        "Emballages perdus": {},
                        "Emballages r\u00e9cup\u00e9rables non identifiables": {},
                        "Emballages \u00e0 usage mixte": {},
                        "Rabais, Remises et Ristournes obtenus (non ventil\u00e9s)": {}
                    },
                    "ACHATS DE MARCHANDISES": {
                        "Rabais, Remises et Ristournes obtenus (non ventil\u00e9s)": {},
                        "aux entreprises du groupe dans la R\u00e9gion": {},
                        "aux entreprises du groupe hors R\u00e9gion": {},
                        "dans la R\u00e9gion": {},
                        "hors R\u00e9gion": {}
                    },
                    "ACHATS DE MATI\u00c8RES PREMI\u00c8RES ET FOURNITURES LI\u00c9ES": {
                        "Rabais, Remises et Ristournes obtenus (non ventil\u00e9s)": {},
                        "aux entreprises du groupe dans la R\u00e9gion": {},
                        "aux entreprises du groupe hors R\u00e9gion": {},
                        "dans la R\u00e9gion": {},
                        "hors R\u00e9gion": {}
                    },
                    "ACHATS STOCK\u00c9S DE MATI\u00c8RES ET FOURNITURES CONSOMMABLES": {
                        "Fournitures d'atelier et d'usine": {},
                        "Fournitures de bureau": {},
                        "Fournitures de magasin": {},
                        "Mati\u00e8res combustibles": {},
                        "Mati\u00e8res consommables": {},
                        "Produits d'entretien": {},
                        "Rabais, Remises et Ristournes obtenus (non ventil\u00e9s)": {}
                    },
                    "AUTRES ACHATS": {
                        "Achats d'\u00e9tudes et prestations de services": {},
                        "Achats de petit mat\u00e9riel et outillage": {},
                        "Achats de travaux, mat\u00e9riels et \u00e9quipements": {},
                        "Fournitures d'entretien non stockables": {},
                        "Fournitures de bureau non stockables": {},
                        "Fournitures non stockables - Electricit\u00e9": {},
                        "Fournitures non stockables -Eau": {},
                        "Fournitures non stockables \u2013 Autres \u00e9nergies": {},
                        "Rabais, Remises et Ristournes obtenus (non ventil\u00e9s)": {}
                    },
                    "VARIATIONS DES STOCKS DE BIENS ACHET\u00c9S": {
                        "Variations des stocks d'autres approvisionnements": {},
                        "Variations des stocks de marchandises": {},
                        "Variations des stocks de mati\u00e8res premi\u00e8res et fournitures li\u00e9es": {}
                    }
                },
                "AUTRES CHARGES": {
                    "CHARGES DIVERSES": {
                        "Dons": {},
                        "Jetons de pr\u00e9sence et autres r\u00e9mun\u00e9rations d'administrateurs": {},
                        "M\u00e9c\u00e9nat": {}
                    },
                    "CHARGES PROVISIONN\u00c9ES D'EXPLOITATION": {
                        "Autres charges provisionn\u00e9es": {},
                        "sur cr\u00e9ances": {},
                        "sur risques \u00e0 court terme": {},
                        "sur stocks": {}
                    },
                    "PERTES SUR CR\u00c9ANCES CLIENTS ET AUTRES D\u00c9BITEURS": {
                        "Autres d\u00e9biteurs": {},
                        "Clients": {}
                    },
                    "QUOTE-PART DE R\u00c9SULTAT ANNUL\u00c9E SUR EX\u00c9CUTION PARTIELLE DE CONTRATS PLURI-EXERCICES": {},
                    "QUOTE-PART DE R\u00c9SULTAT SUR OP\u00c9RATIONS FAITES EN COMMUN": {
                        "Pertes imput\u00e9es par transfert (comptabilit\u00e9 des associ\u00e9s non g\u00e9rants)": {},
                        "Quote-part transf\u00e9r\u00e9e de b\u00e9n\u00e9fices (comptabilit\u00e9 du g\u00e9rant)": {}
                    },
                    "VALEUR COMPTABLE DES CESSIONS COURANTES D'IMMOBILISATIONS": {}
                },
                "CHARGES DE PERSONNEL": {
                    "AUTRES CHARGES SOCIALES": {
                        "M\u00e9decine du travail et pharmacie": {},
                        "Versements aux Comit\u00e9s d'hygi\u00e8ne et de s\u00e9curit\u00e9": {},
                        "Versements aux Syndicats et Comit\u00e9s d'entreprise, d'\u00e9tablissement": {},
                        "Versements aux autres oeuvres sociales": {}
                    },
                    "CHARGES SOCIALES": {
                        "Charges sociales sur r\u00e9mun\u00e9ration du personnel national": {},
                        "Charges sociales sur r\u00e9mun\u00e9ration du personnel non national": {}
                    },
                    "INDEMNIT\u00c9S FORFAITAIRES VERS\u00c9ES AU PERSONNEL": {
                        "Autres indemnit\u00e9s et avantages divers": {},
                        "Indemnit\u00e9s d'expatriation": {},
                        "Indemnit\u00e9s de logement": {},
                        "Indemnit\u00e9s de repr\u00e9sentation": {}
                    },
                    "R\u00c9MUN\u00c9RATION TRANSF\u00c9R\u00c9E DE PERSONNEL EXT\u00c9RIEUR": {
                        "Personnel d\u00e9tach\u00e9 ou pr\u00eat\u00e9 \u00e0 l\u2019entreprise": {},
                        "Personnel int\u00e9rimaire": {}
                    },
                    "R\u00c9MUN\u00c9RATIONS DIRECTES VERS\u00c9ES AU PERSONNEL NATIONAL": {
                        "Appointements salaires et commissions": {},
                        "Autres r\u00e9mun\u00e9rations directes": {},
                        "Avantages en nature": {},
                        "Cong\u00e9s pay\u00e9s": {},
                        "Indemnit\u00e9s de maladie vers\u00e9es aux travailleurs": {},
                        "Indemnit\u00e9s de pr\u00e9avis, de licenciement et de recherche d'embauche": {},
                        "Primes et gratifications": {},
                        "Suppl\u00e9ment familial": {}
                    },
                    "R\u00c9MUN\u00c9RATIONS DIRECTES VERS\u00c9ES AU PERSONNEL NON NATIONAL": {
                        "Appointements salaires et commissions": {},
                        "Autres r\u00e9mun\u00e9rations directes": {},
                        "Avantages en nature": {},
                        "Cong\u00e9s pay\u00e9s": {},
                        "Indemnit\u00e9s de maladie vers\u00e9es aux travailleurs": {},
                        "Indemnit\u00e9s de pr\u00e9avis, de licenciement et de recherche d'embauche": {},
                        "Primes et gratifications": {},
                        "Suppl\u00e9ment familial": {}
                    },
                    "R\u00c9MUN\u00c9RATIONS ET CHARGES SOCIALES DE L'EXPLOITANT INDIVIDUEL": {
                        "Charges sociales": {},
                        "R\u00e9mun\u00e9ration du travail de l'exploitant": {}
                    }
                },
                "DOTATIONS AUX AMORTISSEMENTS": {
                    "DOTATIONS AUX AMORTISSEMENTS D'EXPLOITATION": {
                        "Dotations aux amortissements des charges immobilis\u00e9es": {},
                        "Dotations aux amortissements des immobilisations corporelles": {},
                        "Dotations aux amortissements des immobilisations incorporelles": {}
                    },
                    "DOTATIONS AUX AMORTISSEMENTS \u00c0 CARACT\u00c8RE FINANCIER": {
                        "Autres dotations aux amortissements \u00e0 caract\u00e8re financier": {},
                        "Dotations aux amortissements des primes de remboursement des obligations": {}
                    }
                },
                "DOTATIONS AUX PROVISIONS": {
                    "DOTATIONS AUX PROVISIONS D'EXPLOITATION": {
                        "pour d\u00e9pr\u00e9ciation des immobilisations corporelles": {},
                        "pour d\u00e9pr\u00e9ciation des immobilisations incorporelles": {},
                        "pour grosses r\u00e9parations": {},
                        "pour risques et charges": {}
                    },
                    "DOTATIONS AUX PROVISIONS FINANCI\u00c8RES": {
                        "pour d\u00e9pr\u00e9ciation des immobilisations financi\u00e8res": {},
                        "pour risques et charges": {}
                    }
                },
                "FRAIS FINANCIERS ET CHARGES ASSIMIL\u00c9ES": {
                    "AUTRES INT\u00c9R\u00caTS": {
                        "Avances re\u00e7ues et d\u00e9p\u00f4ts cr\u00e9diteurs": {},
                        "Comptes courants bloqu\u00e9s": {},
                        "Int\u00e9r\u00eats bancaires et sur op\u00e9rations de tr\u00e9sorerie et d\u2019escompte": {},
                        "Int\u00e9r\u00eats sur dettes commerciales": {},
                        "Int\u00e9r\u00eats sur dettes diverses": {},
                        "Int\u00e9r\u00eats sur obligations cautionn\u00e9es": {}
                    },
                    "CHARGES PROVISIONN\u00c9ES FINANCI\u00c8RES": {
                        "Autres charges provisionn\u00e9es financi\u00e8res": {},
                        "sur risques financiers": {},
                        "sur titres de placement": {}
                    },
                    "ESCOMPTES ACCORD\u00c9S": {},
                    "ESCOMPTES DES EFFETS DE COMMERCE": {},
                    "INT\u00c9R\u00caTS DANS LOYERS DE CR\u00c9DIT-BAIL ET CONTRATS ASSIMIL\u00c9S": {
                        "Int\u00e9r\u00eats dans loyers de cr\u00e9dit-bail immobilier": {},
                        "Int\u00e9r\u00eats dans loyers de cr\u00e9dit-bail mobilier": {},
                        "Int\u00e9r\u00eats dans loyers des autres contrats": {}
                    },
                    "INT\u00c9R\u00caTS DES EMPRUNTS": {
                        "Dettes li\u00e9es \u00e0 des participations": {},
                        "Emprunts aupr\u00e8s des \u00e9tablissements de cr\u00e9dit": {},
                        "Emprunts obligataires": {}
                    },
                    "PERTES DE CHANGE": {},
                    "PERTES SUR CESSIONS DE TITRES DE PLACEMENT": {},
                    "PERTES SUR RISQUES FINANCIERS": {
                        "sur instruments de tr\u00e9sorerie": {},
                        "sur op\u00e9rations financi\u00e8res": {},
                        "sur rentes viag\u00e8res": {}
                    }
                },
                "IMP\u00d4TS ET TAXES": {
                    "AUTRES IMP\u00d4TS ET TAXES": {},
                    "DROITS D'ENREGISTREMENT": {
                        "Autres droits": {},
                        "Droits de mutation": {},
                        "Droits de timbre": {},
                        "Taxes sur les v\u00e9hicules de soci\u00e9t\u00e9": {},
                        "Vignettes": {}
                    },
                    "IMP\u00d4TS ET TAXES DIRECTS": {
                        "Autres imp\u00f4ts et taxes directs": {},
                        "Formation professionnelle continue": {},
                        "Imp\u00f4ts fonciers et taxes annexes": {},
                        "Patentes, licences et taxes annexes": {},
                        "Taxes d'apprentissage": {},
                        "Taxes sur appointements et salaires": {}
                    },
                    "IMP\u00d4TS ET TAXES INDIRECTS": {},
                    "P\u00c9NALIT\u00c9S ET AMENDES FISCALES": {
                        "Autres amendes p\u00e9nales et fiscales": {},
                        "P\u00e9nalit\u00e9s d'assiette, imp\u00f4ts directs": {},
                        "P\u00e9nalit\u00e9s d'assiette, imp\u00f4ts indirects": {},
                        "P\u00e9nalit\u00e9s de recouvrement, imp\u00f4ts directs": {},
                        "P\u00e9nalit\u00e9s de recouvrement, imp\u00f4ts indirects": {}
                    }
                },
                "SERVICES EXT\u00c9RIEURS A": {
                    "ENTRETIEN, R\u00c9PARATIONS ET MAINTENANCE": {
                        "Autres entretiens et r\u00e9parations": {},
                        "Entretien et r\u00e9parations des biens immobiliers": {},
                        "Entretien et r\u00e9parations des biens mobiliers": {},
                        "Maintenance": {}
                    },
                    "FRAIS DE T\u00c9L\u00c9COMMUNICATIONS": {
                        "Autres frais de t\u00e9l\u00e9communications": {},
                        "Frais de t\u00e9lex": {},
                        "Frais de t\u00e9l\u00e9copie": {},
                        "Frais de t\u00e9l\u00e9phone": {}
                    },
                    "LOCATIONS ET CHARGES LOCATIVES": {
                        "Locations d'emballages": {},
                        "Locations de b\u00e2timents": {},
                        "Locations de mat\u00e9riels et outillages": {},
                        "Locations de terrains": {},
                        "Locations et charges locatives diverses": {},
                        "Malis sur emballages": {}
                    },
                    "PRIMES D'ASSURANCE": {
                        "Assurances insolvabilit\u00e9 clients": {},
                        "Assurances mat\u00e9riel de transport": {},
                        "Assurances multirisques": {},
                        "Assurances responsabilit\u00e9 du producteur": {},
                        "Assurances risques d'exploitation": {},
                        "Assurances transport sur achats": {},
                        "Assurances transport sur ventes": {},
                        "Autres primes d'assurances": {}
                    },
                    "PUBLICIT\u00c9, PUBLICATIONS, RELATIONS PUBLIQUES": {
                        "Annonces, insertions": {},
                        "Autres charges de publicit\u00e9 et relations publiques": {},
                        "Cadeaux \u00e0 la client\u00e8le": {},
                        "Catalogues, imprim\u00e9s publicitaires": {},
                        "Foires et expositions": {},
                        "Frais de colloques, s\u00e9minaires, conf\u00e9rences": {},
                        "Publications": {},
                        "\u00c9chantillons": {}
                    },
                    "REDEVANCES DE CR\u00c9DIT-BAIL ET CONTRATS ASSIMIL\u00c9S": {
                        "Contrats assimil\u00e9s": {},
                        "Cr\u00e9dit-bail immobilier": {},
                        "Cr\u00e9dit-bail mobilier": {}
                    },
                    "SOUS-TRAITANCE G\u00c9N\u00c9RALE": {},
                    "\u00c9TUDES, RECHERCHES ET DOCUMENTATION": {
                        "Documentation g\u00e9n\u00e9rale": {},
                        "Documentation technique": {},
                        "\u00c9tudes et recherches": {}
                    }
                },
                "SERVICES EXT\u00c9RIEURS B": {
                    "AUTRES CHARGES EXTERNES": {
                        "Frais de d\u00e9m\u00e9nagement": {},
                        "Frais de recrutement du personnel": {},
                        "Missions": {},
                        "R\u00e9ceptions": {}
                    },
                    "COTISATIONS": {
                        "Concours divers": {},
                        "Cotisations": {}
                    },
                    "FRAIS BANCAIRES": {
                        "Autres frais bancaires": {},
                        "Commissions sur cartes de cr\u00e9dit": {},
                        "Frais d'\u00e9mission d'emprunts": {},
                        "Frais sur effets": {},
                        "Frais sur titres (achat, vente, garde)": {},
                        "Location de coffres": {}
                    },
                    "FRAIS DE FORMATION DU PERSONNEL": {},
                    "REDEVANCES POUR BREVETS, LICENCES, LOGICIELS ET DROITS SIMILAIRES": {
                        "Redevances pour brevets, licences, concessions et droits similaires": {},
                        "Redevances pour logiciels": {},
                        "Redevances pour marques": {}
                    },
                    "R\u00c9MUN\u00c9RATIONS D'INTERM\u00c9DIAIRES ET DE CONSEILS": {
                        "Commissions et courtages sur achats": {},
                        "Commissions et courtages sur ventes": {},
                        "Divers frais": {},
                        "Frais d'actes et de contentieux": {},
                        "Honoraires": {},
                        "R\u00e9mun\u00e9rations des transitaires": {}
                    },
                    "R\u00c9MUN\u00c9RATIONS DE PERSONNEL EXT\u00c9RIEUR \u00c0 L'ENTREPRISE": {
                        "Personnel d\u00e9tach\u00e9 ou pr\u00eat\u00e9 \u00e0 l'entreprise": {},
                        "Personnel int\u00e9rimaire": {}
                    }
                },
                "TRANSPORTS": {
                    "AUTRES FRAIS DE TRANSPORT": {
                        "Transports administratifs": {},
                        "Transports entre \u00e9tablissements ou chantiers": {},
                        "Voyages et d\u00e9placements": {}
                    },
                    "TRANSPORTS DE PLIS": {},
                    "TRANSPORTS DU PERSONNEL": {},
                    "TRANSPORTS POUR LE COMPTE DE TIERS": {},
                    "TRANSPORTS SUR ACHATS()": {},
                    "TRANSPORTS SUR VENTES": {}
                }
            },
            "Comptes de produits": {
                "AUTRES PRODUITS": {
                    "PRODUITS DES CESSIONS COURANTES D'IMMOBILISATIONS": {},
                    "PRODUITS DIVERS": {
                        "Indemnit\u00e9s d\u2019assurances re\u00e7ues": {},
                        "Jetons de pr\u00e9sence et autres r\u00e9mun\u00e9rations d'administrateurs": {}
                    },
                    "QUOTE-PART DE R\u00c9SULTAT SUR EX\u00c9CUTION PARTIELLE DE CONTRATS PLURIEXERCICES": {},
                    "QUOTE-PART DE R\u00c9SULTAT SUR OP\u00c9RATIONS FAITES EN COMMUN": {
                        "B\u00e9n\u00e9fices attribu\u00e9s par transfert (comptabilit\u00e9 des associ\u00e9s non g\u00e9rants)": {},
                        "Quote-part transf\u00e9r\u00e9e de pertes (comptabilit\u00e9 du g\u00e9rant)": {}
                    },
                    "REPRISES DE CHARGES PROVISIONN\u00c9ES D'EXPLOITATION": {
                        "sur autres charges provisionn\u00e9es": {},
                        "sur cr\u00e9ances": {},
                        "sur risques \u00e0 court terme": {},
                        "sur stocks": {}
                    }
                },
                "PRODUCTION IMMOBILIS\u00c9E": {
                    "IMMOBILISATIONS CORPORELLES": {},
                    "IMMOBILISATIONS FINANCI\u00c8RES": {},
                    "IMMOBILISATIONS INCORPORELLES": {}
                },
                "REPRISES DE PROVISIONS": {
                    "REPRISES D'AMORTISSEMENTS": {},
                    "REPRISES DE PROVISIONS D'EXPLOITATION": {
                        "pour d\u00e9pr\u00e9ciation des immobilisations corporelles": {},
                        "pour d\u00e9pr\u00e9ciation des immobilisations incorporelles": {},
                        "pour grosses r\u00e9parations": {},
                        "pour risques et charges": {}
                    },
                    "REPRISES DE PROVISIONS FINANCI\u00c8RES": {
                        "pour d\u00e9pr\u00e9ciation des immobilisations financi\u00e8res": {},
                        "pour risques et charges": {}
                    }
                },
                "REVENUS FINANCIERS ET PRODUITS ASSIMIL\u00c9S": {
                    "ESCOMPTES OBTENUS": {},
                    "GAINS DE CHANGE": {},
                    "GAINS SUR CESSIONS DE TITRES DE PLACEMENT": {},
                    "GAINS SUR RISQUES FINANCIERS": {
                        "sur instruments de tr\u00e9sorerie": {},
                        "sur op\u00e9rations financi\u00e8res": {},
                        "sur rentes viag\u00e8res": {}
                    },
                    "INT\u00c9R\u00caTS DE PR\u00caTS": {},
                    "REPRISES DE CHARGES PROVISIONN\u00c9ES FINANCI\u00c8RES": {
                        "autres charges provisionn\u00e9es financi\u00e8res": {},
                        "sur risques financiers": {},
                        "sur titres de placement": {}
                    },
                    "REVENUS DE PARTICIPATIONS": {},
                    "REVENUS DE TITRES DE PLACEMENT": {}
                },
                "SUBVENTIONS D'EXPLOITATION": {
                    "AUTRES SUBVENTIONS D'EXPLOITATION": {
                        "Vers\u00e9es par des tiers": {},
                        "Vers\u00e9es par l'\u00c9tat et les collectivit\u00e9s publiques": {},
                        "Vers\u00e9es par les organismes internationaux": {}
                    },
                    "SUR PRODUITS DE P\u00c9R\u00c9QUATION": {},
                    "SUR PRODUITS \u00c0 L'EXPORTATION": {},
                    "SUR PRODUITS \u00c0 L'IMPORTATION": {}
                },
                "TRANSFERTS DE CHARGES": {
                    "TRANSFERTS DE CHARGES D'EXPLOITATION": {},
                    "TRANSFERTS DE CHARGES FINANCIERES": {}
                },
                "VARIATIONS DES STOCKS DE BIENS ET DE SERVICES PRODUITS": {
                    "VARIATIONS DES EN-COURS DE SERVICES": {
                        "Prestations de services en cours": {},
                        "\u00c9tudes en cours": {}
                    },
                    "VARIATIONS DES STOCKS DE PRODUITS EN COURS": {
                        "Produits en cours": {},
                        "Travaux en cours": {}
                    },
                    "VARIATIONS DES STOCKS DE PRODUITS FINIS": {},
                    "VARIATIONS DES STOCKS DE PRODUITS INTERM\u00c9DIAIRES ET R\u00c9SIDUELS": {
                        "Produits interm\u00e9diaires": {},
                        "Produits r\u00e9siduels": {}
                    }
                },
                "VENTES": {
                    "PRODUITS ACCESSOIRES": {
                        "Autres produits accessoires": {},
                        "Bonis sur reprises et cessions d'emballages": {},
                        "Commissions et courtages": {},
                        "Locations": {},
                        "Mise \u00e0 disposition de personnel": {},
                        "Ports, emballages perdus et autres frais factur\u00e9s": {},
                        "Redevances pour brevets, logiciels, marques et droits similaires": {},
                        "Services exploit\u00e9s dans l'int\u00e9r\u00eat du personnel": {}
                    },
                    "SERVICES VENDUS": {
                        "aux entreprises du groupe dans la R\u00e9gion": {},
                        "aux entreprises du groupe hors R\u00e9gion": {},
                        "dans la R\u00e9gion": {},
                        "hors R\u00e9gion": {}
                    },
                    "TRAVAUX FACTUR\u00c9S": {
                        "aux entreprises du groupe dans la R\u00e9gion": {},
                        "aux entreprises du groupe hors R\u00e9gion": {},
                        "dans la R\u00e9gion": {},
                        "hors R\u00e9gion": {}
                    },
                    "VENTES DE MARCHANDISES": {
                        "aux entreprises du groupe dans la R\u00e9gion": {},
                        "aux entreprises du groupe hors R\u00e9gion": {},
                        "dans la R\u00e9gion": {},
                        "hors R\u00e9gion": {}
                    },
                    "VENTES DE PRODUITS FINIS": {
                        "aux entreprises du groupe dans la R\u00e9gion": {},
                        "aux entreprises du groupe hors R\u00e9gion": {},
                        "dans la R\u00e9gion": {},
                        "hors R\u00e9gion": {}
                    },
                    "VENTES DE PRODUITS INTERM\u00c9DIAIRES": {
                        "aux entreprises du groupe dans la R\u00e9gion": {},
                        "aux entreprises du groupe hors R\u00e9gion": {},
                        "dans la R\u00e9gion": {},
                        "hors R\u00e9gion": {}
                    },
                    "VENTES DE PRODUITS R\u00c9SIDUELS": {
                        "aux entreprises du groupe dans la R\u00e9gion": {},
                        "aux entreprises du groupe hors R\u00e9gion": {},
                        "dans la R\u00e9gion": {},
                        "hors R\u00e9gion": {}
                    }
                }
            },
            "root_type": ""
        },
        "Comptes des engagements hors bilan et comptabilit\u00e9 analytique": {
            "COMPTES D'ECARTS SUR COUTS PREETABLIS": {},
            "COMPTES DE CO\u00dbTS": {},
            "COMPTES DE DIFFERENCES DE TRAPRODUCTENT COMPTABLE\n        ": {},
            "COMPTES DE LIAISONS INTERNES": {},
            "COMPTES DE RECLASSEMENTS": {},
            "COMPTES DE RESULTATS": {},
            "COMPTES DE STOCKS": {},
            "COMPTES REFLECHIS": {},
            "CONTREPARTIES DES ENGAGEMENTS": {
                "CONTREPARTIE DES ENGAGEMENTS ACCORD\u00c9S, 905 \u00e0 908\n        ": {},
                "CONTREPARTIE DES ENGAGEMENTS OBTENUS, 901 \u00e0 904\n        ": {}
            },
            "ENGAGEMENTS OBTENUS ET ENGAGEMENTS ACCORD\u00c9S": {
                "AUTRES ENGAGEMENTS ACCORD\u00c9S": {
                    "Achats avec clause de r\u00e9serve de propri\u00e9t\u00e9": {},
                    "Annulations conditionnelles de dettes": {},
                    "Divers engagements accord\u00e9s": {},
                    "Engagements de retraite": {}
                },
                "AUTRES ENGAGEMENTS OBTENUS": {
                    "Abandons de cr\u00e9ances conditionnels": {},
                    "Divers engagements obtenus": {},
                    "Ventes avec clause de r\u00e9serve de propri\u00e9t\u00e9": {}
                },
                "ENGAGEMENTS DE FINANCEMENT ACCORD\u00c9S": {
                    "Autres engagements de financement accord\u00e9s": {},
                    "Cr\u00e9dits accord\u00e9s non d\u00e9caiss\u00e9s": {}
                },
                "ENGAGEMENTS DE FINANCEMENT OBTENUS": {
                    " Facilit\u00e9s d'\u00e9mission": {},
                    "Autres engagements de financement obtenus": {},
                    "Cr\u00e9dits confirm\u00e9s obtenus": {},
                    "Emprunts restant \u00e0 encaisser": {},
                    "Facilit\u00e9s de financement renouvelables": {}
                },
                "ENGAGEMENTS DE GARANTIE ACCORD\u00c9S": {
                    "Autres garanties accord\u00e9es": {},
                    "Avals accord\u00e9s": {},
                    "Cautions, garanties accord\u00e9es": {},
                    "Effets endoss\u00e9s par l'entreprise": {},
                    "Hypoth\u00e8ques accord\u00e9es": {}
                },
                "ENGAGEMENTS DE GARANTIE OBTENUS": {
                    "Autres garanties obtenues": {},
                    "Avals obtenus": {},
                    "Cautions, garanties obtenues": {},
                    "Effets endoss\u00e9s par des tiers": {},
                    "Hypoth\u00e8ques obtenues": {}
                },
                "ENGAGEMENTS R\u00c9CIPROQUES": {
                    "Achats de marchandises \u00e0 terme": {},
                    "Achats \u00e0 terme de devises": {},
                    "Autres engagements r\u00e9ciproques": {},
                    "Commandes fermes des clients": {}
                }
            },
            "root_type": ""
        },
        "Comptes sp\u00e9ciaux": {
            "CHARGES HORS ACTIVIT\u00c9S ORDINAIRES": {
                "ABANDONS DE CR\u00c9ANCES CONSENTIS": {},
                "CHARGES H.A.O. CONSTAT\u00c9ES": {},
                "CHARGES PROVISIONN\u00c9ES H.A.O.": {},
                "DONS ET LIB\u00c9RALIT\u00c9S ACCORD\u00c9S": {},
                "PERTES SUR CR\u00c9ANCES H.A.O.": {}
            },
            "DOTATIONS HORS ACTIVIT\u00c9S ORDINAIRES": {
                "AUTRES DOTATIONS H.A.O.": {},
                "DOTATIONS AUX AMORTISSEMENTS H.A.O.": {},
                "DOTATIONS AUX PROVISIONS POUR D\u00c9PR\u00c9CIATION H.A.O.": {},
                "DOTATIONS AUX PROVISIONS POUR RISQUES ET CHARGES H.A.O.": {},
                "DOTATIONS AUX PROVISIONS R\u00c9GLEMENT\u00c9ES": {}
            },
            "IMP\u00d4TS SUR LE R\u00c9SULTAT": {
                "D\u00c9GR\u00c8VEMENTS ET ANNULATIONS D\u2019IMP\u00d4TS SUR R\u00c9SULTATS ANT\u00c9RIEURS": {
                    "Annulations pour pertes r\u00e9troactives": {},
                    "D\u00e9gr\u00e8vements": {}
                },
                "IMP\u00d4T MINIMUM FORFAITAIRE (I.M.F.)": {},
                "IMP\u00d4TS SUR LES B\u00c9N\u00c9FICES DE L'EXERCICE": {
                    "Activit\u00e9s exerc\u00e9es dans l'\u00c9tat": {},
                    "Activit\u00e9s exerc\u00e9es dans les autres \u00c9tats de la R\u00e9gion": {},
                    "Activit\u00e9s exerc\u00e9es hors R\u00e9gion": {}
                },
                "RAPPEL D'IMP\u00d4TS SUR R\u00c9SULTATS ANT\u00c9RIEURS": {}
            },
            "PARTICIPATION DES TRAVAILLEURS": {
                "AUTRES PARTICIPATIONS": {},
                "PARTICIPATION CONTRACTUELLE AUX B\u00c9N\u00c9FICES": {},
                "PARTICIPATION L\u00c9GALE AUX B\u00c9N\u00c9FICES": {}
            },
            "PRODUITS DES CESSIONS D'IMMOBILISATIONS": {
                "IMMOBILISATIONS CORPORELLES": {},
                "IMMOBILISATIONS FINANCI\u00c8RES": {},
                "IMMOBILISATIONS INCORPORELLES": {}
            },
            "PRODUITS HORS ACTIVIT\u00c9S ORDINAIRES": {
                "ABANDONS DE CR\u00c9ANCES OBTENUS": {},
                "DONS ET LIB\u00c9RALIT\u00c9S OBTENUS": {},
                "PRODUITS H.A.O CONSTAT\u00c9S": {},
                "REPRISES DES CHARGES PROVISIONN\u00c9ES H.A.O.": {},
                "TRANSFERTS DE CHARGES H.A.O": {}
            },
            "REPRISES HORS ACTIVIT\u00c9S ORDINAIRES": {
                "AUTRES REPRISES H.A.O.": {},
                "REPRISES DE PROVISIONS POUR D\u00c9PR\u00c9CIATION H.A.O.": {},
                "REPRISES DE PROVISIONS POUR RISQUES ET CHARGES H.A.O.": {},
                "REPRISES DE PROVISIONS R\u00c9GLEMENT\u00c9ES": {},
                "REPRISES DE SUBVENTIONS D\u2019INVESTISSEMENT": {},
                "REPRISES D\u2019AMORTISSEMENTS": {}
            },
            "SUBVENTIONS D'\u00c9QUILIBRE": {
                "AUTRES": {},
                "COLLECTIVIT\u00c9S PUBLIQUES": {},
                "GROUPE": {},
                "\u00c9TAT": {}
            },
            "VALEURS COMPTABLES DES CESSIONS D'IMMOBILISATIONS": {
                "IMMOBILISATIONS CORPORELLES": {},
                "IMMOBILISATIONS FINANCI\u00c8RES": {},
                "IMMOBILISATIONS INCORPORELLES": {}
            },
            "root_type": ""
        }
    }
}
