{
 "actions": [],
 "creation": "2021-05-06 16:12:42.558878",
 "doctype": "DocType",
 "editable_grid": 1,
 "engine": "InnoDB",
 "field_order": [
  "customer_group"
 ],
 "fields": [
  {
   "fieldname": "customer_group",
   "fieldtype": "Link",
   "in_list_view": 1,
   "label": "Customer Group",
   "options": "Customer Group"
  }
 ],
 "index_web_pages_for_search": 1,
 "istable": 1,
 "links": [],
 "modified": "2021-05-07 10:39:21.563506",
 "modified_by": "Administrator",
 "module": "Accounts",
 "name": "Customer Group Product",
 "owner": "Administrator",
 "permissions": [],
 "sort_field": "modified",
 "sort_order": "DESC",
 "track_changes": 1
}