{
 "actions": [],
 "creation": "2021-05-05 14:04:54.266353",
 "doctype": "DocType",
 "editable_grid": 1,
 "engine": "InnoDB",
 "field_order": [
  "customer"
 ],
 "fields": [
  {
   "fieldname": "customer",
   "fieldtype": "Link",
   "in_list_view": 1,
   "label": "Customer ",
   "options": "Customer"
  }
 ],
 "index_web_pages_for_search": 1,
 "istable": 1,
 "links": [],
 "modified": "2021-05-06 10:02:32.967841",
 "modified_by": "Administrator",
 "module": "Accounts",
 "name": "Customer Product",
 "owner": "Administrator",
 "permissions": [],
 "sort_field": "modified",
 "sort_order": "DESC",
 "track_changes": 1
}